insert into Users (username, password, email, fullname, phone) values ('tfullerlove0', 't0dq576', 'tfullerlove0@gizmodo.com', 'Traci Fullerlove', '1279131215');
insert into Users (username, password, email, fullname, phone) values ('iknifton1', 'pbF55K', 'iknifton1@moonfruit.com', 'Idaline Knifton', '1531452734');
insert into Users (username, password, email, fullname, phone) values ('khowes2', 'UTDq09', 'khowes2@fda.gov', 'Kelly Howes', '6218963919');
insert into Users (username, password, email, fullname, phone) values ('slewsey3', 'p4RUIkD5F', 'slewsey3@github.io', 'Sileas Lewsey', '6657959573');
insert into Users (username, password, email, fullname, phone) values ('bpancast4', 'wJrwcXcLM', 'bpancast4@ebay.com', 'Burt Pancast', '5164295072');
insert into Users (username, password, email, fullname, phone) values ('wbonhill5', 'L4bATt8i', 'wbonhill5@ezinearticles.com', 'Weber Bonhill', '1076418365');
insert into Users (username, password, email, fullname, phone) values ('carenson6', 'gKI68BOZxFi', 'carenson6@csmonitor.com', 'Cordelia Arenson', '1666834492');
insert into Users (username, password, email, fullname, phone) values ('aoshevlan7', 'F1KzkGpMoFL', 'aoshevlan7@narod.ru', 'Agnola O''Shevlan', '4894236640');
insert into Users (username, password, email, fullname, phone) values ('emaso8', 'npHoGe8Pu05', 'emaso8@flavors.me', 'Elsinore Maso', '6348353391');
insert into Users (username, password, email, fullname, phone) values ('gwrack9', 'GuQQiAW', 'gwrack9@ustream.tv', 'Ginnie Wrack', '2437108345');
insert into Users (username, password, email, fullname, phone) values ('dgashiona', 'fUi4sOldnXJn', 'dgashiona@nps.gov', 'Dex Gashion', '6732603475');
insert into Users (username, password, email, fullname, phone) values ('hsargantb', '6wGxuYzm', 'hsargantb@diigo.com', 'Hewet Sargant', '4748299945');
insert into Users (username, password, email, fullname, phone) values ('atomanc', 'qpJZWawRWB', 'atomanc@nba.com', 'Antoine Toman', '6245807833');
insert into Users (username, password, email, fullname, phone) values ('tmathiesond', 'qcbmz3ASvko1', 'tmathiesond@nydailynews.com', 'Trish Mathieson', '7459157570');
insert into Users (username, password, email, fullname, phone) values ('scolenutte', 'l3DPvsOe', 'scolenutte@parallels.com', 'Stacey Colenutt', '5531384066');
insert into Users (username, password, email, fullname, phone) values ('ykoenraadf', '5StP5f', 'ykoenraadf@elpais.com', 'Yolanda Koenraad', '2891561151');
insert into Users (username, password, email, fullname, phone) values ('jmattissseng', 'V3CCg3qchp', 'jmattissseng@cargocollective.com', 'Julius Mattisssen', '6587774846');
insert into Users (username, password, email, fullname, phone) values ('mhalpinh', 'i33o1zSjqx', 'mhalpinh@hexun.com', 'Meghann Halpin', '7862643241');
insert into Users (username, password, email, fullname, phone) values ('ttarti', 'vVCql8wvuOlI', 'ttarti@timesonline.co.uk', 'Teddi Tart', '3705328804');
insert into Users (username, password, email, fullname, phone) values ('mwitseyj', 'zT3mWZi', 'mwitseyj@dailymail.co.uk', 'Marcelle Witsey', '8491524460');
insert into Users (username, password, email, fullname, phone) values ('dcrangk', 'mKG37GFDmnLw', 'dcrangk@ow.ly', 'Deidre Crang', '4053231773');
insert into Users (username, password, email, fullname, phone) values ('kwarhaml', 'XxaHpNeLmm', 'kwarhaml@hud.gov', 'Kikelia Warham', '4322319138');
insert into Users (username, password, email, fullname, phone) values ('amacarthurm', '8ipOEwTI10U', 'amacarthurm@ox.ac.uk', 'Aloise MacArthur', '7338150938');
insert into Users (username, password, email, fullname, phone) values ('eheinecken', 'rpmPgy', 'eheinecken@cisco.com', 'Elton Heinecke', '6877716189');
insert into Users (username, password, email, fullname, phone) values ('eglideo', 'ndk7Wq6', 'eglideo@google.ca', 'Ellwood Glide', '1311573862');
insert into Users (username, password, email, fullname, phone) values ('ylittleproudp', 'Jn1qewZz8Vyx', 'ylittleproudp@patch.com', 'Ynes Littleproud', '3281503064');
insert into Users (username, password, email, fullname, phone) values ('mbraywoodq', 'ARPCkji', 'mbraywoodq@vinaora.com', 'Milicent Braywood', '1828572390');
insert into Users (username, password, email, fullname, phone) values ('pcatonr', 'OFk1d50fAa3P', 'pcatonr@networkadvertising.org', 'Pamela Caton', '9552126126');
insert into Users (username, password, email, fullname, phone) values ('acrankes', 'j548k73i', 'acrankes@blogspot.com', 'Antonino Cranke', '1263472253');
insert into Users (username, password, email, fullname, phone) values ('klivockt', 'N9znBLWx', 'klivockt@bbb.org', 'Kathy Livock', '5716024118');
insert into Users (username, password, email, fullname, phone) values ('tbartolacciu', 'C6VNVCTW', 'tbartolacciu@tamu.edu', 'Taite Bartolacci', '5091964768');
insert into Users (username, password, email, fullname, phone) values ('kodonnellv', 'sXnbfQ', 'kodonnellv@biglobe.ne.jp', 'Kesley O''Donnell', '4807602510');
insert into Users (username, password, email, fullname, phone) values ('trapperw', 'hi8eLeGq', 'trapperw@prweb.com', 'Trumaine Rapper', '8758244455');
insert into Users (username, password, email, fullname, phone) values ('tphilpinx', 'eWTG2Zk8cknK', 'tphilpinx@pen.io', 'Trisha Philpin', '1675968279');
insert into Users (username, password, email, fullname, phone) values ('gbeattyy', '01MzKOLjy002', 'gbeattyy@archive.org', 'Giordano Beatty', '2501572718');
insert into Users (username, password, email, fullname, phone) values ('hfulmenz', 'gmpfpOtC', 'hfulmenz@cnn.com', 'Henry Fulmen', '5986413657');
insert into Users (username, password, email, fullname, phone) values ('jwaight10', 'xDcfZK8AbN6', 'jwaight10@telegraph.co.uk', 'Janka Waight', '2987131880');
insert into Users (username, password, email, fullname, phone) values ('ssmidmor11', '1sDUvGr2iAkh', 'ssmidmor11@aboutads.info', 'Shepherd Smidmor', '7134678311');
insert into Users (username, password, email, fullname, phone) values ('vgummer12', 'GOssjOOLFD', 'vgummer12@ifeng.com', 'Vikky Gummer', '8947069077');
insert into Users (username, password, email, fullname, phone) values ('cmacshirrie13', 'mJ0rx1FLQj', 'cmacshirrie13@prnewswire.com', 'Chrotoem MacShirrie', '6475648136');
insert into Users (username, password, email, fullname, phone) values ('cdelea14', 'QGqtAbv7g', 'cdelea14@nytimes.com', 'Culver Delea', '7534179808');
insert into Users (username, password, email, fullname, phone) values ('schadband15', '1moMeEUr', 'schadband15@mail.ru', 'Scarface Chadband', '2997781752');
insert into Users (username, password, email, fullname, phone) values ('ppurbrick16', 'cga2Nl1yOVL', 'ppurbrick16@hatena.ne.jp', 'Petronille Purbrick', '9941279346');
insert into Users (username, password, email, fullname, phone) values ('cargyle17', 'JcKeHNEE', 'cargyle17@zdnet.com', 'Cristina Argyle', '5364030049');
insert into Users (username, password, email, fullname, phone) values ('btatlow18', 'v41i2xI5QHLr', 'btatlow18@tamu.edu', 'Balduin Tatlow', '1935778691');
insert into Users (username, password, email, fullname, phone) values ('moldham19', 'dTMW1O', 'moldham19@indiegogo.com', 'Mead Oldham', '3852541461');
insert into Users (username, password, email, fullname, phone) values ('rsabathe1a', '1FEb3kjO', 'rsabathe1a@cnbc.com', 'Roshelle Sabathe', '5373851912');
insert into Users (username, password, email, fullname, phone) values ('jstithe1b', '5qbH0rXoW5V', 'jstithe1b@behance.net', 'Jannel Stithe', '5215180586');
insert into Users (username, password, email, fullname, phone) values ('tballing1c', 'XD7fsrUEyBlm', 'tballing1c@nhs.uk', 'Tatiania Balling', '7377755469');
insert into Users (username, password, email, fullname, phone) values ('icolgrave1d', 'llO07N8TS', 'icolgrave1d@sun.com', 'Ignatius Colgrave', '9237791743');

-- insert into Cars (carplate, model, numSeats) values ('WVGAV7A', 'N', 4);
-- insert into Cars (carplate, model, numSeats) values ('2G4WC55', 'T', 6);
-- insert into Cars (carplate, model, numSeats) values ('WA1LKAF', 'A', 2);
-- insert into Cars (carplate, model, numSeats) values ('1FTEX1E', 'M', 2);
-- insert into Cars (carplate, model, numSeats) values ('KNAFX6A', 'L', 5);
-- insert into Cars (carplate, model, numSeats) values ('19UUA75', 'B', 5);
-- insert into Cars (carplate, model, numSeats) values ('WAUGFAF', 'C', 2);
-- insert into Cars (carplate, model, numSeats) values ('WBAKC6C', 'J', 2);
-- insert into Cars (carplate, model, numSeats) values ('SCFFDCC', 'P', 3);
-- insert into Cars (carplate, model, numSeats) values ('JH4KB16', 'M', 5);
-- insert into Cars (carplate, model, numSeats) values ('SAJWA4E', 'M', 5);

insert into Drivers (username, carplate) values ('icolgrave1d','WVGAV7A');
insert into Drivers (username, carplate) values ('tballing1c','2G4WC55');
insert into Drivers (username, carplate) values ('ppurbrick16','WA1LKAF');
insert into Drivers (username, carplate) values ('hfulmenz','1FTEX1E');
insert into Drivers (username, carplate) values ('acrankes','KNAFX6A');
insert into Drivers (username, carplate) values ('eglideo','19UUA75');
insert into Drivers (username, carplate) values ('atomanc','WAUGFAF');
insert into Drivers (username, carplate) values ('carenson6','WBAKC6C');
insert into Drivers (username, carplate) values ('cdelea14','SCFFDCC');
insert into Drivers (username, carplate) values ('ttarti','JH4KB16');
insert into Drivers (username, carplate) values ('schadband15','SAJWA4E');


